zw_bi_cvec,zw_bi_tvec,f_bi_cvec,f_bi_tvec
don want,don want,save money,save money
low waste,eco friendly,don want,don want
eco friendly,low waste,don know,don know
don know,does know,feel like,feel like
single use,plastic free,credit card,credit card
feel like,don know,years ago,does know
plastic free,single use,don need,saving money
plastic bags,plastic bags,spend money,don need
does know,feel like,saving money,gift card
reduce waste,reduce waste,buy new,spend money
use plastic,use plastic,grocery store,buy new
ve tried,throw away,make sure,years ago
throw away,ve tried,gift card,car insurance
paper towels,thanks advance,does know,grocery store
food waste,paper towels,year old,best way
thanks advance,shampoo conditioner,things like,thanks advance
shampoo conditioner,food waste,car insurance,gift cards
things like,shampoo bars,gt gt,year old
ve seen,shampoo bar,thanks advance,make sure
shampoo bars,ve seen,spending money,things like
shampoo bar,safety razor,ve seen,cheapest way
second hand,bar soap,brand new,spending money
plastic waste,toilet paper,years old,ve seen
environmentally friendly,things like,just want,brand new
safety razor,environmentally friendly,best way,just want
toilet paper,second hand,long term,buying new
bar soap,plastic waste,long time,good deal
let know,laundry detergent,don think,long time
don need,let know,gift cards,long term
grocery store,water bottle,lot money,years old
plastic bag,grocery store,don really,don really
water bottle,ve using,let know,lot money
laundry detergent,baking soda,buying new,just got
baking soda,don need,used car,let know
love hear,want buy,really need,used car
ve using,glass jars,ve got,buy used
buy new,plastic bag,living room,ve got
glass jars,buy new,just got,don think
water bottles,produce bags,just don,really need
don think,love hear,don like,want spend
want make,plastic packaging,good deal,need help
years ago,really want,cheapest way,want buy
want buy,throwing away,need help,just wondering
make sure,want make,want spend,need new
ve got,ve got,really want,black friday
don really,plastic bottles,want buy,good quality
reducing waste,water bottles,new car,really want
plastic bottles,really like,second hand,washer dryer
really want,don really,ve tried,long run
produce bags,reducing waste,long run,living room
really like,just throw,need new,cell phone
long time,reusable bags,buy used,second hand
throwing away,don think,little bit,ve heard
don use,best way,credit cards,paper towels
reusable bags,years ago,washer dryer,just need
plastic packaging,conditioner bars,just need,cost effective
carbon footprint,using plastic,cell phone,tips tricks
environmental impact,don use,grocery stores,health insurance
don like,plastic containers,good quality,grocery stores
plastic containers,want use,looks like,don like
ve used,coconut oil,ve heard,best place
menstrual cup,know good,really like,new car
coconut oil,don like,10 years,hey guys
just don,dish soap,health insurance,just don
want use,ve heard,black friday,dollar tree
climate change,ve used,paper towels,ve tried
dish soap,carbon footprint,months ago,college student
ve heard,make sure,don use,throw away
using plastic,long time,ve used,looks like
just want,hey guys,new phone,toilet paper
buying new,reusable pads,just buy,grocery shopping
just throw,environmental impact,need advice,little bit
best way,buying new,throw away,need advice
body wash,grocery stores,don buy,make money
conditioner bars,just wondering,just wondering,amazon prime
need help,body wash,cost effective,new phone
ve trying,just don,pretty good,really like
grocery stores,does suggestions,make money,money saving
hand soap,plastic wrap,just bought,just bought
just use,just want,grocery shopping,greatly appreciated
mod team,hand soap,college student,want make
just wanted,want start,dollar tree,phone plan
just wondering,come plastic,hey guys,credit cards
hey guys,does recommendations,want make,fast food
cleaning products,ve trying,greatly appreciated,washing machine
come plastic,does ideas,fast food,really good
reusable pads,climate change,just wanted,just buy
know good,cleaning products,work home,title says
use reusable,need help,tips tricks,ve used
want start,want throw,really good,place buy
plastic wrap,really don,love hear,good deals
really don,greatly appreciated,washing machine,months ago
essential oils,menstrual cup,need buy,low cost
greatly appreciated,grocery bags,hot water,want know
plant based,use reusable,feels like,thank advance
glass bottles,waste free,don care,10 years
trying reduce,just wanted,dollar store,ways save
stainless steel,hi guys,couple years,buying used
does ideas,curly hair,thank advance,need buy
paper bags,glass bottles,ve gotten,love hear
plastic bottle,just use,thrift stores,don use
compost bin,does experience,phone plan,don care
does suggestions,plastic bottle,just use,pretty good
ve read,does anybody,buying used,just moved
washing machine,trying reduce,feel free,just looking
feel free,plant based,lot people,know good
does recommendations,washing machine,toilet paper,don buy
use plastics,essential oils,amazon prime,good idea
want throw,pill bottles,low cost,buy cheap
ve started,thank advance,good idea,work home
thrown away,mod team,don mind,just wanted
grocery bags,cat litter,best place,dollar store
trying make,paper towel,cost living,rent car
lower waste,conditioner bar,bank account,facebook marketplace
lot people,compost bin,thrift store,laundry detergent
thank advance,non plastic,trying figure,just use
gt gt,trying make,money saving,buy bulk
wrapped plastic,stainless steel,amp nbsp,hot water
looks like,wrapped plastic,ve looking,feels like
waste free,ve looking,facebook marketplace,advice appreciated
feels like,thrown away,just moved,ve looking
paper towel,use plastics,just looking,cross country
hi guys,reduce plastic,advice appreciated,couple years
reduce plastic,ve recently,trying save,trying save
stuff like,just started,ways save,thrift stores
months ago,electric toothbrush,buy things,thrift store
use paper,lower waste,buy cheap,looking buy
curly hair,looking ideas,really don,trying figure
wanted share,just got,title says,savings account
using reusable,stuff like,laundry detergent,don mind
ve looking,feel bad,know good,good price
waste lifestyle,good quality,stuff like,want pay
feel bad,paper bags,new job,cost living
glass containers,looks like,cross country,stuff like
reusable containers,ve started,savings account,new place
message mod,ve read,good deals,really don
thrift store,thrift store,make sense,car rental
ve recently,junk mail,past years,does anybody
brand new,need new,space heater,ve gotten
year old,like use,ve using,ve using
does anybody,use paper,long story,best buy
save money,recycled plastic,need car,lot people
mason jars,waste lifestyle,waste money,space heater
recycled plastic,using reusable,years ve,want save
cat litter,want just,bought new,looking cheap
does experience,face wash,quite bit,best option
little bit,sensitive skin,buy bulk,home depot
just started,buy bulk,new place,instead buying
buy bulk,want try,high quality,quite bit
looking ideas,feel free,want know,feel free
long term,skin care,home depot,bank account
conditioner bar,lot people,rent car,high quality
good quality,glass containers,hard time,new job
thrift stores,bar shampoo,store brand,bed frame
hard time,ve just,tl dr,hi guys
really need,ve looked,wanted share,need car
just got,bamboo toothbrush,customer service,cheap way
challenge series,hard time,student loans,past years
want try,months ago,ve noticed,good way
trying figure,wanted share,instead buying,waste money
people use,hi ve,thought share,money long
need buy,just curious,spend time,bang buck
food scraps,ways reduce,working home,buy things
currently use,better environment,lot time,want use
ve just,currently use,look like,year ago
need new,fast fashion,want use,just curious
feel guilty,bamboo toothbrushes,story short,bought new
hot water,mason jars,ve bought,ve looked
know people,soap bar,want save,help appreciated
started using,really need,ve spent,way make
grocery shopping,title says,best option,sam club
ve looked,oat milk,emergency fund,moving apartment
couple years,look like,time money,thanks best
reusable water,started using,bang buck,does tips
sensitive skin,year old,looking advice,contact lenses
fast fashion,old clothes,time job,like know
bulk bins,feels like,year ago,time job
bulk food,reusable water,peanut butter,long story
need use,food storage,extra money,best deal
face wash,plastic ones,studentaid gov,guys think
non plastic,really appreciate,guys think,ve noticed
better environment,good way,ll need,does experience
skin care,trash bags,meal plan,body wash
oat milk,bulk bins,money saved,new ones
want know,food scraps,just like,tips advice
hi ve,thrift stores,good price,recently moved
environmentally conscious,brand new,don feel,tips save
like know,bulk food,place buy,store brand
buy things,feel guilty,friends family,looking good
look like,does use,want pay,looking advice
bar shampoo,trying figure,recently moved,ve bought
cardboard boxes,want know,ve looked,debit card
menstrual cups,hi looking,great value,customer service
really appreciate,cotton rounds,bed frame,best value
waste possible,coffee grounds,just make,time buy
plastic container,way make,hi guys,hard time
didn want,like know,able save,look like
package free,just bought,debit card,make sense
food storage,beeswax wraps,best value,streaming services
recently started,cut waste,doesn work,like buy
